<?xml version="1.0" encoding="utf-8"?>
<!DOCTYPE student_information [
  <!ELEMENT student_information (ad+)>
  <!ELEMENT ad (usn,name,college,branch,year,email)>
  <!ELEMENT usn (#PCDATA)>
  <!ELEMENT name (#PCDATA)>
  <!ELEMENT college (#PCDATA)>
  <!ELEMENT branch (#PCDATA)>
  <!ELEMENT year (#PCDATA)>
  <!ELEMENT email (#PCDATA)>
]>

<?xml-stylesheet type="text/css" href="05.css"?>

<student_information>
  <h1>First Student Information</h1>
  <ad><label>USN:</label><usn>1JB11CS001</usn></ad>
  <ad><label>NAME:</label><name>ABC</name></ad>
  <ad><label>COLLEGE:</label><college>KSIT</college></ad>
  <ad><label>BRANCH:</label><branch>CSE</branch></ad>
  <ad><label>YEAR:</label><year>2001</year></ad>
  <ad><label>EMAIL:</label><email>abc@gmail.com</email></ad>

  <h1>Second Student Information</h1>
  <ad><label>USN:</label><usn>1JB11CS002</usn></ad>
  <ad><label>NAME:</label><name>DEF</name></ad>
  <ad><label>COLLEGE:</label><college>KSIT</college></ad>
  <ad><label>BRANCH:</label><branch>CSE</branch></ad>
  <ad><label>YEAR:</label><year>2001</year></ad>
  <ad><label>EMAIL:</label><email>def@gmail.com</email></ad>

  <h1>Third Student Information</h1>
  <ad><label>USN:</label><usn>1JB11CS003</usn></ad>
  <ad><label>NAME:</label><name>GHI</name></ad>
  <ad><label>COLLEGE:</label><college>KSIT</college></ad>
  <ad><label>BRANCH:</label><branch>CSE</branch></ad>
  <ad><label>YEAR:</label><year>2001</year></ad>
  <ad><label>EMAIL:</label><email>ghi@gmail.com</email></ad>
</student_information>
